{"N": 31, "max_lag": 4, "num_touchpoints": 7, "touchpointSpend_df": [[0.0, 0.0, 0.0, 0.0, 0.0, 0.0, 0.0], [0.0, 0.0, 0.0, 0.0, 0.0, 0.0, 0.0], [0.0, 0.0, 0.0, 0.0, 0.0, 0.0, 0.0], [0.0, 0.0, 0.0, 0.0, 0.0, 0.0, 0.0], [0.07228915662650602, 0.035555555555555556, 0.0, 0.0, 0.048195, 0.0, 0.0], [0.08433734939759036, 0.041481481477777776, 0.0, 0.0, 0.0, 0.0, 0.0], [0.024096385542168676, 0.011851851855555555, 0.0, 0.0, 0.0, 0.0, 0.0], [0.0, 0.0, 0.0, 0.0, 0.0, 0.0, 0.0], [0.0, 0.0, 0.0, 0.0, 0.0, 0.0, 0.0], [0.0, 0.0, 0.0, 0.0, 0.0, 0.0, 0.0], [0.0, 0.0, 0.0, 0.0, 0.0, 0.0, 0.0], [0.0, 0.0, 0.0, 0.0, 0.0, 0.0, 0.0], [0.0, 0.0, 0.0, 0.0, 0.0, 0.0, 0.0], [0.0, 0.0, 0.0, 0.0, 0.0, 0.0, 0.0], [0.0, 0.0, 0.0, 0.0, 0.0, 0.0, 0.0], [0.0, 0.0, 0.0, 0.0, 0.0, 0.0, 0.0], [0.0, 0.0, 0.0, 0.0, 0.0, 0.0, 0.0], [0.012048192771084338, 0.0, 0.0, 0.0, 0.0, 0.0, 0.0], [0.0, 0.0, 0.0, 0.0, 0.0, 0.0, 0.0], [0.0, 0.0, 0.0, 0.0, 0.0, 0.0, 0.0], [0.0, 0.0, 0.0, 0.0, 0.0, 0.0, 0.0], [0.0, 0.0, 0.0, 0.0, 0.0, 0.0, 0.0], [0.0, 0.0, 0.0, 0.0, 0.0, 0.0, 0.0], [0.0, 0.0, 0.0, 0.0, 0.0, 0.0, 0.0], [0.0, 0.0, 0.0, 0.0, 0.0, 0.0, 0.0], [0.0, 0.0, 0.0, 0.0, 0.0, 0.0, 0.0], [0.0, 0.0, 0.0, 0.0, 0.0, 0.0, 0.0], [0.0, 0.0, 0.0, 0.0, 0.0, 0.0, 0.0], [0.0, 0.0, 0.0, 0.0, 0.0, 0.0, 0.0], [0.0, 0.0, 0.0, 0.0, 0.0, 0.0, 0.0], [0.0, 0.0, 0.0, 0.0, 0.0, 0.0, 0.0], [0.0, 0.0, 0.0, 0.0, 0.0, 0.0, 0.0], [0.019938554216867473, 0.0, 0.0, 0.0, 0.0, 0.0, 0.0], [0.022216385542168676, 0.0, 0.0, 0.0, 0.0, 0.0, 0.0]], "touchpointNorms": [83000, 90000, 120000, 100000, 150000, 1000000, 350000], "touchpointThresholds": [7000, 7000, 5000, 3500, 5000, 50000, 15000], "num_seasons": 13, "seasonality": [[0, 0, 0, 0, 0, 0, 0, 0, 1, 0, 0, 0, 0], [0, 0, 0, 0, 0, 0, 0, 0, 0, 1, 0, 0, 0], [0, 0, 0, 0, 0, 0, 0, 0, 0, 1, 0, 0, 0], [0, 0, 0, 0, 0, 0, 0, 0, 0, 1, 0, 0, 0], [0, 0, 0, 0, 0, 0, 0, 0, 0, 1, 0, 0, 0], [0, 0, 0, 0, 0, 0, 0, 0, 0, 1, 0, 0, 0], [0, 0, 0, 0, 0, 0, 0, 0, 0, 0, 1, 0, 0], [0, 0, 0, 0, 0, 0, 0, 0, 0, 0, 1, 0, 0], [0, 0, 0, 0, 0, 0, 0, 0, 0, 0, 1, 0, 0], [0, 0, 0, 0, 0, 0, 0, 0, 0, 0, 1, 0, 0], [0, 0, 0, 0, 0, 0, 0, 0, 0, 0, 0, 1, 0], [0, 0, 0, 0, 0, 0, 0, 0, 0, 0, 0, 1, 0], [0, 0, 0, 0, 0, 0, 0, 0, 0, 0, 0, 1, 0], [0, 0, 0, 0, 0, 0, 0, 0, 0, 0, 0, 1, 1], [1, 0, 0, 0, 0, 0, 0, 0, 0, 0, 0, 0, 0], [1, 0, 0, 0, 0, 0, 0, 0, 0, 0, 0, 0, 0], [1, 0, 0, 0, 0, 0, 0, 0, 0, 0, 0, 0, 0], [1, 0, 0, 0, 0, 0, 0, 0, 0, 0, 0, 0, 0], [1, 0, 0, 0, 0, 0, 0, 0, 0, 0, 0, 0, 0], [0, 1, 0, 0, 0, 0, 0, 0, 0, 0, 0, 0, 0], [0, 1, 0, 0, 0, 0, 0, 0, 0, 0, 0, 0, 0], [0, 1, 0, 0, 0, 0, 0, 0, 0, 0, 0, 0, 0], [0, 1, 0, 0, 0, 0, 0, 0, 0, 0, 0, 0, 0], [0, 0, 1, 0, 0, 0, 0, 0, 0, 0, 0, 0, 0], [0, 0, 1, 0, 0, 0, 0, 0, 0, 0, 0, 0, 0], [0, 0, 1, 0, 0, 0, 0, 0, 0, 0, 0, 0, 0], [0, 0, 1, 0, 0, 0, 0, 0, 0, 0, 0, 0, 0], [0, 0, 0, 1, 0, 0, 0, 0, 0, 0, 0, 0, 0], [0, 0, 0, 1, 0, 0, 0, 0, 0, 0, 0, 0, 0], [0, 0, 0, 1, 0, 0, 0, 0, 0, 0, 0, 0, 0], [0, 0, 0, 1, 0, 0, 0, 0, 0, 0, 0, 0, 0]], "num_control": 5, "control": [[0.010101010101010102, 0.0, 0.028447140769585245, 29.0, 26.0], [0.010101010101010102, 0.0, 0.010809541115931217, 13.0, 24.0], [0.010101010101010102, 0.0, 0.007825440334571283, 10.0, 25.0], [0.010101010101010102, 0.0, 0.013785726950548777, 63.0, 27.0], [0.010101010101010102, 0.0, 0.027152598140873688, 32.0, 35.0], [0.010101010101010102, 0.0, 0.03569393226003413, 43.0, 37.0], [0.010101010101010102, 0.0, 0.030880476038578276, 20.0, 32.0], [0.010101010101010102, 0.0, 0.02579766790691434, 16.0, 31.0], [0.010101010101010102, 0.0, 0.010582232973597297, 33.0, 27.0], [0.010101010101010102, 0.0, 0.017902551392031053, 30.0, 35.0], [0.010101010101010102, 0.0, 0.013861530671903976, 45.0, 32.0], [0.010101010101010102, 0.0, 0.01400517204100869, 57.0, 26.0], [0.010101010101010102, 0.0, 0.014322394450671797, 85.0, 25.0], [0.010101010101010102, 0.0, 0.011795648149167639, 24.0, 31.0], [0.010101010101010102, 0.0, 0.006542962425941732, 9.0, 41.0], [0.010101010101010102, 0.0, 0.03464152064965953, 39.0, 26.0], [0.010101010101010102, 0.0, 0.022649418683867606, 34.0, 24.0], [0.010101010101010102, 0.0, 0.008371128671742719, 22.0, 31.0], [0.010101010101010102, 0.0, 0.006269717046145053, 23.0, 32.0], [0.010101010101010102, 0.0, 0.00318567247486958, 13.0, 30.0], [0.010101010101010102, 0.0, 0.0002767931389714694, 12.0, 28.0], [0.010101010101010102, 0.0, -0.00028698535092514676, 0.0, 27.0], [0.010101010101010102, 18.651428571, -0.00027204563149963335, 0.0, 27.0], [0.010101010101010102, 43.98, 0.003571348907385504, 7.0, 28.0], [0.010101010101010102, 45.568571429, 0.0023314802278898324, 11.0, 20.0], [0.010101010101010102, 83.528571429, -3.5276071933298774e-05, 0.0, 21.0], [0.010101010101010102, 87.96, -0.0005569389141133346, 0.0, 20.5], [0.010101010101010102, 87.96, 0.0036398064979567533, 33.0, 23.5], [0.010101010101010102, 87.96, 0.004696267324961371, 46.0, 21.0], [0.010101010101010102, 87.96, 0.002267929313189486, 5.0, 21.0], [0.010101010101010102, 87.96, 0.0012993943489959232, 5.0, 22.5]], "y": [0.5079659393293513, 0.42763117244663773, 0.39529885340885124, 0.4453313613427622, 0.39107908949025766, 0.49375053864513707, 0.47981406326573617, 0.41313692057069684, 0.39763351371088024, 0.40588529070831636, 0.44707385027723817, 0.4364009341619893, 0.5262750905357646, 0.4718102179048247, 0.43338328446997326, 0.5063871361078088, 0.40579929792552744, 0.3819352906565961, 0.38298381853118313, 0.3870360764131937, 0.37755576793266216, 0.37946151488012847, 0.3892080187899315, 0.3989755161743703, 0.42083508399736164, 0.39772471396768155, 0.3700942110411141, 0.3988091209907169, 0.47141754483962306, 0.43211212068627247, 0.43814869648562305]}