{"N": 17, "max_lag": 4, "num_touchpoints": 7, "touchpointSpend_df": [[0.0, 0.0, 0.0, 0.0, 0.0, 0.0, 0.0], [0.0, 0.0, 0.0, 0.0, 0.0, 0.0, 0.0], [0.0, 0.0, 0.0, 0.0, 0.0, 0.0, 0.0], [0.0, 0.0, 0.0, 0.0, 0.0, 0.0, 0.0], [0.0320855421686747, 0.0, 0.0, 0.0, 0.0, 0.0, 0.0], [0.022131325301204822, 0.0, 0.0, 0.0, 0.0, 0.0, 0.0], [0.018072289156626505, 0.0, 0.0, 0.0, 0.0, 0.0, 0.0], [0.006024096385542169, 0.0, 0.0, 0.0, 0.0, 0.0, 0.0], [0.018782168674698795, 0.0, 0.0, 0.0, 0.0, 0.0, 0.0], [0.017362409638554215, 0.0, 0.0, 0.0, 0.0, 0.0, 0.0], [0.0, 0.0, 0.0, 0.0, 0.14733333333333334, 0.0, 0.0], [0.07578701904819278, 0.02867383512222222, 0.0, 0.0, 0.34758, 0.0, 0.0], [0.1061018266626506, 0.04014336917777778, 0.0, 0.0, 0.29558, 0.0, 0.0], [0.1061018266626506, 0.3331989247777778, 0.0, 0.0, 0.050666666666666665, 0.0, 0.0], [0.1061018266626506, 0.450421147, 0.0, 0.0, 0.10038666666666667, 0.0, 0.0], [0.10791553309638553, 0.27941457588888885, 0.0, 0.0, 0.17038666666666666, 0.56858381, 0.0], [0.1124497991927711, 0.05703703703333333, 0.0, 0.0, 0.25133333333333335, 0.0, 0.09798285714285715], [0.1124497991927711, 0.05703703703333333, 0.0, 0.0, 0.14605773333333333, 0.0, 0.0], [0.1124497991927711, 0.05703703703333333, 0.0, 0.0, 0.08333333333333333, 0.31499264, 0.0], [0.1865021060240964, 0.05703703703333333, 0.0, 0.0, 0.03, 0.0, 0.0]], "touchpointNorms": [83000, 90000, 120000, 100000, 150000, 1000000, 350000], "touchpointThresholds": [7000, 7000, 5000, 3500, 5000, 50000, 15000], "num_seasons": 13, "seasonality": [[0, 0, 1, 0, 0, 0, 0, 0, 0, 0, 0, 0, 0], [0, 0, 1, 0, 0, 0, 0, 0, 0, 0, 0, 0, 0], [0, 0, 1, 0, 0, 0, 0, 0, 0, 0, 0, 0, 0], [0, 0, 1, 0, 0, 0, 0, 0, 0, 0, 0, 0, 0], [0, 0, 0, 1, 0, 0, 0, 0, 0, 0, 0, 0, 0], [0, 0, 0, 1, 0, 0, 0, 0, 0, 0, 0, 0, 0], [0, 0, 0, 1, 0, 0, 0, 0, 0, 0, 0, 0, 0], [0, 0, 0, 1, 0, 0, 0, 0, 0, 0, 0, 0, 0], [0, 0, 0, 0, 1, 0, 0, 0, 0, 0, 0, 0, 0], [0, 0, 0, 0, 1, 0, 0, 0, 0, 0, 0, 0, 0], [0, 0, 0, 0, 1, 0, 0, 0, 0, 0, 0, 0, 0], [0, 0, 0, 0, 1, 0, 0, 0, 0, 0, 0, 0, 0], [0, 0, 0, 0, 1, 0, 0, 0, 0, 0, 0, 0, 0], [0, 0, 0, 0, 0, 1, 0, 0, 0, 0, 0, 0, 0], [0, 0, 0, 0, 0, 1, 0, 0, 0, 0, 0, 0, 0], [0, 0, 0, 0, 0, 1, 0, 0, 0, 0, 0, 0, 0], [0, 0, 0, 0, 0, 1, 0, 0, 0, 0, 0, 0, 0]], "num_control": 5, "control": [[0.010101010101010102, 0.0, 0.01491878149848453, 8.0, 23.0], [0.010101010101010102, 0.0, 0.010434518252572068, 13.0, 22.0], [0.0, 0.0, 0.007023504440674107, 24.0, 15.0], [0.010101010101010102, 0.0, 0.007820833146087103, 22.0, 18.0], [0.010101010101010102, 0.0, 0.008690585191936122, 0.0, 22.0], [0.010101010101010102, 0.0, 0.010554484885429594, 23.0, 21.0], [0.010101010101010102, 0.0, 0.012060920872264864, 55.0, 22.0], [0.010101010101010102, 0.0, 0.009691637397433317, 1.0, 24.0], [0.010101010101010102, 0.0, 0.01089774698983685, 15.0, 26.0], [0.010101010101010102, 0.0, 0.009684005781253682, 16.0, 26.0], [0.010101010101010102, 0.0, 0.004505032532613161, 2.0, 22.0], [0.010101010101010102, 0.0, 0.00978943576438309, 14.0, 22.0], [0.010101010101010102, 0.0, 0.007896089336321582, 19.0, 25.0], [0.010101010101010102, 0.0, 0.04463257588880598, 64.0, 22.0], [0.010101010101010102, 0.0, 0.007825310557779599, 38.0, 27.0], [0.010101010101010102, 0.0, 0.005830171586509581, 22.0, 33.0], [0.010101010101010102, 0.0, 0.0043711344469231595, 29.0, 29.0]], "y": [0.3963515926223403, 0.3862791965838814, 0.38442237605350826, 0.4070812421191313, 0.42284426776202366, 0.4238922422208974, 0.495335470571148, 0.4129459114817958, 0.45935940870731573, 0.4670060578101545, 0.41235378624288327, 0.4441754292422143, 0.5143223416200244, 0.6533643509856071, 0.4717603736149327, 0.4605609422753031, 0.50295808553046]}